block_length,seed,n_events,n_blocks,treated_block_share,treated_event_share,mean_reward,mean_reward_control,mean_reward_treated,naive_effect,pure_history_memory,pure_history_share,pure_history_ht,generation_seconds,includes_compilation,jax_backend,file_size_megabytes
1000,1000,500000,500,0.49,0.49,2.2114744186401367,1.858956813812256,2.578381061553955,0.7194242477416992,5000,0.0242424242424242,0.877908018530258,144.96730899999966,True,cpu,0.6421051025390625
1000,1001,500000,500,0.51,0.51,2.222467422485352,1.8385589122772217,2.591320276260376,0.7527613639831543,5000,0.0222222222222222,1.849638746778652,101.4024980000031,False,cpu,0.6394214630126953
1000,1002,500000,500,0.484,0.484,2.229824542999268,1.8425372838974,2.642716884613037,0.8001796007156372,5000,0.0242424242424242,0.9572615509432976,116.93379740000093,True,cpu,0.6457042694091797
1000,1003,500000,500,0.496,0.496,2.228607416152954,1.8794264793396,2.583421230316162,0.7039947509765625,5000,0.0242424242424242,3.567935272919529,102.67621620000136,False,cpu,0.6445446014404297
1000,1004,500000,500,0.518,0.518,2.280998468399048,1.8272559642791748,2.703207492828369,0.8759515285491943,5000,0.0242424242424242,2.550635254386218,105.35667359999934,False,cpu,0.6454782485961914
1000,1005,500000,500,0.448,0.448,2.199018239974976,1.859101295471192,2.6178441047668457,0.7587428092956543,5000,0.0383838383838383,0.1523148231275153,102.35352440000132,False,cpu,0.6482086181640625
1000,1006,500000,500,0.498,0.498,2.211478471755981,1.851211667060852,2.5746397972106934,0.7234281301498413,5000,0.0101010101010101,-0.962369917901598,100.474847700003,False,cpu,0.6401777267456055
1000,1007,500000,500,0.506,0.506,2.2510194778442383,1.827176213264465,2.664811134338379,0.8376349210739136,5000,0.0323232323232323,0.2166975285951537,103.539540699996,False,cpu,0.6430397033691406
1000,1008,500000,500,0.504,0.504,2.2741174697875977,1.8545095920562744,2.6870641708374023,0.8325545787811279,5000,0.0141414141414141,-0.6381420469332223,103.51952280000114,False,cpu,0.6474227905273438
1000,1009,500000,500,0.476,0.476,2.21028470993042,1.7907358407974243,2.672140598297119,0.8814047574996948,5000,0.0484848484848484,3.630330747215434,100.8326831000013,False,cpu,0.6415777206420898
1000,1010,500000,500,0.506,0.506,2.262562990188598,1.8557268381118768,2.659749984741211,0.8040231466293335,5000,0.0262626262626262,1.7062438416052346,103.6461569000021,False,cpu,0.6457920074462891
1000,1011,500000,500,0.48,0.48,2.2150821685791016,1.836735725402832,2.624957799911499,0.788222074508667,5000,0.0363636363636363,2.606470400618303,100.80396380000457,False,cpu,0.6432266235351562
1000,1012,500000,500,0.486,0.486,2.1958937644958496,1.830412983894348,2.5824310779571533,0.7520180940628052,5000,0.0161616161616161,-0.6945577199415727,102.1446913999971,False,cpu,0.6395320892333984
1000,1013,500000,500,0.446,0.446,2.1934354305267334,1.809170365333557,2.67075252532959,0.8615821599960327,5000,0.0646464646464646,-0.183831269085046,103.66596460000436,False,cpu,0.6448173522949219
1000,1014,500000,500,0.492,0.492,2.2442212104797363,1.8103251457214355,2.6922287940979004,0.8819036483764648,5000,0.0565656565656565,6.347755169158994,100.83602869999596,False,cpu,0.6444072723388672
1000,1015,500000,500,0.55,0.55,2.337213516235352,1.8537653684616089,2.732762575149536,0.8789972066879272,5000,0.0444444444444444,7.316704802115277,100.60459249999984,False,cpu,0.6469888687133789
1000,1016,500000,500,0.494,0.494,2.229707717895508,1.82939088344574,2.639748334884644,0.8103574514389038,5000,0.0444444444444444,6.589093342698704,103.44105420000416,False,cpu,0.6427879333496094
1000,1017,500000,500,0.49,0.49,2.2544758319854736,1.8735604286193848,2.6509392261505127,0.7773787975311279,5000,0.0303030303030303,1.83014395878026,100.58978119999664,False,cpu,0.6496791839599609
1000,1018,500000,500,0.498,0.498,2.1847245693206787,1.8060307502746584,2.5664596557617188,0.7604289054870605,5000,0.0202020202020202,0.6892696421972428,100.77204070000153,False,cpu,0.6345796585083008
1000,1019,500000,500,0.512,0.512,2.247288465499878,1.8645141124725344,2.6121206283569336,0.7476065158843994,5000,0.0363636363636363,-1.6692776998018977,103.1166957999958,False,cpu,0.6437511444091797
1000,1020,500000,500,0.502,0.502,2.2604122161865234,1.8327232599258425,2.684692859649658,0.8519695997238159,5000,0.0383838383838383,3.249897949335792,100.82036530000188,False,cpu,0.6452188491821289
1000,1021,500000,500,0.5,0.5,2.251993179321289,1.8678324222564693,2.6361536979675293,0.7683212757110596,5000,0.0323232323232323,-1.5515254625532362,101.54742629999964,False,cpu,0.6460056304931641
1000,1022,500000,500,0.53,0.53,2.269528388977051,1.872859597206116,2.6212918758392334,0.7484322786331177,5000,0.0262626262626262,-0.7410760235767172,102.8093611000004,False,cpu,0.6442756652832031
1000,1023,500000,500,0.522,0.522,2.2752668857574463,1.8896498680114744,2.628380298614502,0.7387304306030273,5000,0.0383838383838383,5.114882469734519,100.75133500000084,False,cpu,0.6471118927001953
1000,1024,500000,500,0.472,0.472,2.2220845222473145,1.8302757740020752,2.660378217697144,0.8301024436950684,5000,0.0323232323232323,2.288081402276261,102.552549299995,False,cpu,0.6452550888061523
1000,1025,500000,500,0.524,0.524,2.2863082885742188,1.8318161964416504,2.6991682052612305,0.8673520088195801,5000,0.0141414141414141,1.2671663553960395,102.0168887999971,False,cpu,0.6446409225463867
1000,1026,500000,500,0.506,0.506,2.2434234619140625,1.843450903892517,2.633910894393921,0.7904599905014038,5000,0.0181818181818181,1.311105262459649,100.64112500000192,False,cpu,0.6429843902587891
1000,1027,500000,500,0.526,0.526,2.265038251876831,1.8511139154434204,2.6380414962768555,0.7869275808334351,5000,0.0323232323232323,4.834169423344641,102.8699262999944,False,cpu,0.6425447463989258
1000,1028,500000,500,0.516,0.516,2.2826366424560547,1.868298053741455,2.6712796688079834,0.8029816150665283,5000,0.0222222222222222,0.2569399521321961,101.54661559999658,False,cpu,0.648015022277832
1000,1029,500000,500,0.506,0.506,2.2596964836120605,1.822328925132752,2.6866917610168457,0.8643628358840942,5000,0.0262626262626262,0.8137567494315331,101.9036849999975,False,cpu,0.6437835693359375
1000,1030,500000,500,0.518,0.518,2.249990463256836,1.870386838912964,2.6032118797302246,0.7328250408172607,5000,0.0242424242424242,1.9837646427833675,138.40587900001265,True,cpu,0.6414756774902344
1000,1031,500000,500,0.51,0.51,2.228822946548462,1.8136252164840696,2.627738237380981,0.8141130208969116,5000,0.0323232323232323,3.3516592338181503,140.25516749999952,False,cpu,0.6377706527709961
1000,1032,500000,500,0.488,0.488,2.2274363040924072,1.789810061454773,2.68658447265625,0.896774411201477,5000,0.0303030303030303,-1.4005914811278837,134.840558099997,False,cpu,0.6416702270507812
1000,1033,500000,500,0.508,0.508,2.296722412109375,1.846236109733581,2.7330198287963867,0.8867837190628052,5000,0.0303030303030303,2.26924730101884,134.58406110000217,False,cpu,0.6497573852539062
1000,1034,500000,500,0.506,0.506,2.235424280166626,1.835640549659729,2.625727415084839,0.7900868654251099,5000,0.0444444444444444,-1.004033273334214,142.87503540000762,False,cpu,0.6421327590942383
1000,1035,500000,500,0.498,0.498,2.23738956451416,1.822216749191284,2.6558969020843506,0.8336801528930664,5000,0.0262626262626262,-0.4041244355851953,139.06513730000006,False,cpu,0.6438093185424805
1000,1036,500000,500,0.512,0.512,2.2477054595947266,1.7972451448440552,2.6770496368408203,0.8798044919967651,5000,0.0363636363636363,3.285382391192456,127.46777570000268,False,cpu,0.6406059265136719
1000,1037,500000,500,0.504,0.504,2.227839469909668,1.855170488357544,2.5945932865142822,0.7394227981567383,5000,0.0282828282828282,-1.034406763673792,136.51339700000244,False,cpu,0.6413898468017578
1000,1038,500000,500,0.506,0.506,2.2213754653930664,1.8249082565307615,2.608439445495605,0.7835311889648438,5000,0.0343434343434343,4.477010643836223,124.04241289998754,False,cpu,0.6402578353881836
1000,1039,500000,500,0.496,0.496,2.230560541152954,1.870254635810852,2.596677303314209,0.7264226675033569,5000,0.0141414141414141,-0.5553635431513642,146.0729418999981,False,cpu,0.6446218490600586
1000,1040,500000,500,0.5,0.5,2.2286336421966557,1.8420259952545168,2.615241765975952,0.7732157707214355,5000,0.0161616161616161,0.2985050420144591,144.77064279999468,False,cpu,0.642695426940918
1000,1041,500000,500,0.534,0.534,2.294922113418579,1.84900176525116,2.684058666229248,0.8350569009780884,5000,0.0363636363636363,5.074049173890701,142.19695250000223,False,cpu,0.6451902389526367
1000,1042,500000,500,0.448,0.448,2.179597854614258,1.856101632118225,2.5781900882720947,0.7220884561538696,5000,0.0444444444444444,-1.823733616024316,139.4875508999976,False,cpu,0.645756721496582
1000,1043,500000,500,0.508,0.508,2.2614946365356445,1.8545846939086916,2.655588388442993,0.8010036945343018,5000,0.0222222222222222,-0.2023589454096977,135.9098309999972,False,cpu,0.6450281143188477
1000,1044,500000,500,0.472,0.472,2.2132489681243896,1.82736074924469,2.644920587539673,0.8175598382949829,5000,0.0202020202020202,0.6097027732316894,141.31628260000434,False,cpu,0.6440591812133789
1000,1045,500000,500,0.47,0.47,2.216497898101806,1.814424991607666,2.6698973178863525,0.8554723262786865,5000,0.0444444444444444,0.0825160359180334,133.36922340000456,False,cpu,0.6453104019165039
1000,1046,500000,500,0.47,0.47,2.2065269947052,1.800499677658081,2.6643874645233154,0.8638877868652344,5000,0.0444444444444444,-2.4199356199139297,139.44744009998976,False,cpu,0.6414499282836914
1000,1047,500000,500,0.488,0.488,2.247669219970703,1.825807809829712,2.690276622772217,0.8644688129425049,5000,0.0303030303030303,-0.3794230200319579,135.02440860000206,False,cpu,0.6457090377807617
1000,1048,500000,500,0.478,0.478,2.19484806060791,1.8205504417419436,2.603599071502685,0.7830486297607422,5000,0.0222222222222222,-1.040183572144701,137.159138300005,False,cpu,0.6405696868896484
1000,1049,500000,500,0.518,0.518,2.274080276489258,1.8389301300048828,2.678987979888916,0.8400578498840332,5000,0.0303030303030303,0.0078765238870273,128.50187690000166,False,cpu,0.6448879241943359
1000,1050,500000,500,0.446,0.446,2.1994307041168213,1.8238346576690676,2.665977001190185,0.8421423435211182,5000,0.0545454545454545,-1.5485943867914604,137.99183669999184,False,cpu,0.6464052200317383
1000,1051,500000,500,0.486,0.486,2.24477767944336,1.8436012268066408,2.669067859649658,0.8254666328430176,5000,0.0424242424242424,1.663865497263995,130.5953753000067,False,cpu,0.6470355987548828
1000,1052,500000,500,0.532,0.532,2.3055312633514404,1.8978155851364136,2.664199113845825,0.7663835287094116,5000,0.0303030303030303,2.426317520478277,134.22702170000412,False,cpu,0.6494264602661133
1000,1053,500000,500,0.522,0.522,2.2478184700012207,1.819873929023743,2.6396918296813965,0.8198179006576538,5000,0.0202020202020202,2.320143461521708,136.77804049999395,False,cpu,0.6398897171020508
1000,1054,500000,500,0.466,0.466,2.2190845012664795,1.8421036005020144,2.6510751247406006,0.8089715242385864,5000,0.0202020202020202,2.6586840609444518,132.065024800002,False,cpu,0.6472415924072266
1000,1055,500000,500,0.54,0.54,2.31066632270813,1.8835923671722408,2.674469470977783,0.790877103805542,5000,0.0363636363636363,4.583642400700155,139.45313519999036,False,cpu,0.6475086212158203
1000,1056,500000,500,0.486,0.486,2.220764636993408,1.8718315362930296,2.589801549911499,0.7179700136184692,5000,0.0161616161616161,0.3869090834687455,127.16842869999527,False,cpu,0.6460638046264648
1000,1057,500000,500,0.47,0.47,2.1922383308410645,1.8257545232772827,2.605506420135498,0.7797518968582153,5000,0.0282828282828282,-0.6423117440524727,138.64644149999367,False,cpu,0.6417961120605469
1000,1058,500000,500,0.5,0.5,2.2289392948150635,1.830181360244751,2.627697229385376,0.797515869140625,5000,0.0141414141414141,-0.3075012443508764,130.49345569999423,False,cpu,0.6413173675537109
1000,1059,500000,500,0.538,0.538,2.2901768684387207,1.8477102518081665,2.670139074325561,0.822428822517395,5000,0.0363636363636363,2.054030174422264,139.52013429999352,False,cpu,0.6434907913208008
1000,1060,500000,500,0.522,0.522,2.240234136581421,1.850276589393616,2.5973212718963623,0.7470446825027466,5000,0.0141414141414141,1.6835296569901284,136.0964593999961,False,cpu,0.6403989791870117
1000,1061,500000,500,0.504,0.504,2.261648178100586,1.8650304079055784,2.651970624923706,0.7869402170181274,5000,0.0303030303030303,2.727254564501059,140.8680389999936,False,cpu,0.6470470428466797
1000,1062,500000,500,0.526,0.526,2.2505970001220703,1.83044958114624,2.6292078495025635,0.7987582683563232,5000,0.0444444444444444,2.464433071943485,133.19391929999983,False,cpu,0.6403532028198242
1000,1063,500000,500,0.532,0.532,2.30293869972229,1.8430742025375368,2.707480192184448,0.8644059896469116,5000,0.0606060606060606,3.9911536872049775,132.99245769999106,False,cpu,0.6466541290283203
1000,1064,500000,500,0.492,0.492,2.229663848876953,1.8514471054077148,2.620180368423462,0.7687332630157471,5000,0.0101010101010101,1.3068114432961049,140.74315209999622,False,cpu,0.6438064575195312
1000,1065,500000,500,0.478,0.478,2.236053228378296,1.8583776950836184,2.6484944820404053,0.7901167869567871,5000,0.0303030303030303,-0.4456442733682767,131.83653329999652,False,cpu,0.6484899520874023
1000,1066,500000,500,0.46,0.46,2.194963932037353,1.829606771469116,2.623861312866211,0.7942545413970947,5000,0.0646464646464646,-1.0199362976832824,140.2688427999965,False,cpu,0.6442661285400391
1000,1067,500000,500,0.518,0.518,2.260387659072876,1.823615550994873,2.6668052673339844,0.8431897163391113,5000,0.0202020202020202,0.42161259619997,146.5187936000002,False,cpu,0.6419649124145508
1000,1068,500000,500,0.462,0.462,2.2018260955810547,1.827598571777344,2.637615442276001,0.8100168704986572,5000,0.0424242424242424,1.963550985324744,140.57121670000197,False,cpu,0.6446218490600586
1000,1069,500000,500,0.468,0.468,2.1985154151916504,1.861437559127808,2.58168888092041,0.7202513217926025,5000,0.0262626262626262,-0.3785140930120391,133.8440830000036,False,cpu,0.645634651184082
1000,1070,500000,500,0.494,0.494,2.2530176639556885,1.8217424154281616,2.6947710514068604,0.8730286359786987,5000,0.0444444444444444,5.565835509529981,138.42046759999357,False,cpu,0.6442775726318359
1000,1071,500000,500,0.518,0.518,2.265571117401123,1.849656343460083,2.6525795459747314,0.8029232025146484,5000,0.0323232323232323,2.365891178475245,137.01021819999733,False,cpu,0.6440715789794922
1000,1072,500000,500,0.524,0.524,2.266889810562134,1.861397624015808,2.6352379322052,0.7738403081893921,5000,0.0323232323232323,-0.1374655312822322,140.39443780000147,False,cpu,0.6431503295898438
1000,1073,500000,500,0.486,0.486,2.2577896118164062,1.8052595853805544,2.736390352249145,0.9311307668685912,5000,0.0525252525252525,0.1411387432919608,137.34926969998924,False,cpu,0.6461563110351562
1000,1074,500000,500,0.504,0.504,2.2935986518859863,1.828778624534607,2.75104022026062,0.9222615957260132,5000,0.0343434343434343,2.1613368393541585,140.61445249999815,False,cpu,0.6492013931274414
1000,1075,500000,500,0.506,0.506,2.268076181411743,1.8814446926116943,2.645538330078125,0.7640936374664307,5000,0.0242424242424242,0.7045132752023562,130.2586300999974,False,cpu,0.6487340927124023
1000,1076,500000,500,0.538,0.538,2.3233585357666016,1.882800817489624,2.701681137084961,0.8188803195953369,5000,0.0464646464646464,4.273934126260546,142.81972010000027,False,cpu,0.6494522094726562
1000,1077,500000,500,0.54,0.54,2.313705444335937,1.8073500394821167,2.7450451850891118,0.9376951456069946,5000,0.0303030303030303,4.102227946484691,150.38542819999566,False,cpu,0.6436958312988281
1000,1078,500000,500,0.48,0.48,2.2216646671295166,1.866856932640076,2.60603928565979,0.7391823530197144,5000,0.0303030303030303,-3.4376041246635745,132.94471310000517,False,cpu,0.6462697982788086
1000,1079,500000,500,0.492,0.492,2.2379367351531982,1.876595377922058,2.611027956008911,0.734432578086853,5000,0.0242424242424242,3.4603480427101405,140.55000380000274,False,cpu,0.6467809677124023
1000,1080,500000,500,0.538,0.538,2.299508810043335,1.8584216833114624,2.6782870292663574,0.819865345954895,5000,0.0444444444444444,5.271329495016253,131.49057739999262,False,cpu,0.6450366973876953
1000,1081,500000,500,0.516,0.516,2.257795572280884,1.827445387840271,2.6614577770233154,0.8340123891830444,5000,0.0323232323232323,5.319166583630292,141.72653249998984,False,cpu,0.6428070068359375
1000,1082,500000,500,0.496,0.496,2.2485368251800537,1.848245978355408,2.655285120010376,0.8070391416549683,5000,0.0565656565656565,1.1794837703565155,130.95170629999484,False,cpu,0.6462011337280273
1000,1083,500000,500,0.472,0.472,2.227200746536255,1.8136427402496336,2.689823865890503,0.8761811256408691,5000,0.0545454545454545,1.7018452945550282,142.24788719999196,False,cpu,0.6444902420043945
1000,1084,500000,500,0.49,0.49,2.2330217361450195,1.8181359767913816,2.664841651916504,0.8467056751251221,5000,0.0383838383838383,3.4110951941362537,133.08869530000084,False,cpu,0.6435108184814453
1000,1085,500000,500,0.5,0.5,2.2575204372406006,1.8700648546218872,2.6449761390686035,0.7749112844467163,5000,0.0323232323232323,-0.8692609114521682,139.13128039998992,False,cpu,0.6468839645385742
1000,1086,500000,500,0.484,0.484,2.2281641960144043,1.8339447975158687,2.648447275161743,0.814502477645874,5000,0.0141414141414141,-1.1285488209262038,137.87494549999246,False,cpu,0.6435785293579102
1000,1087,500000,500,0.498,0.498,2.2479817867279053,1.820704460144043,2.67869234085083,0.8579878807067871,5000,0.0343434343434343,0.5326428974031198,141.49834819999523,False,cpu,0.6440572738647461
1000,1088,500000,500,0.52,0.52,2.2845704555511475,1.8866218328475952,2.65190863609314,0.7652868032455444,5000,0.0606060606060606,-2.2395900856675524,132.8141939000052,False,cpu,0.6478767395019531
1000,1089,500000,500,0.526,0.526,2.30881929397583,1.8400262594223025,2.731267213821411,0.8912409543991089,5000,0.0242424242424242,1.3884457047867051,137.53053070000897,False,cpu,0.6483249664306641
1000,1090,500000,500,0.518,0.518,2.293487071990967,1.8847359418869016,2.6738312244415283,0.7890952825546265,5000,0.0282828282828282,1.560603114070796,139.00760280000395,False,cpu,0.6492757797241211
1000,1091,500000,500,0.47,0.47,2.222066164016724,1.867814421653748,2.62154221534729,0.7537277936935425,5000,0.0343434343434343,0.0372001610705346,136.0273695000069,False,cpu,0.6492776870727539
1000,1092,500000,500,0.49,0.49,2.2414050102233887,1.8474565744400024,2.651433229446411,0.8039766550064087,5000,0.0222222222222222,-0.8044075773708748,144.6801698999916,False,cpu,0.645808219909668
1000,1093,500000,500,0.538,0.538,2.293217420578003,1.8796616792678835,2.648352861404419,0.7686911821365356,5000,0.0262626262626262,3.1712568148160223,139.98438789999636,False,cpu,0.6459312438964844
1000,1094,500000,500,0.49,0.49,2.211544990539551,1.84881603717804,2.5890798568725586,0.740263819694519,5000,0.0222222222222222,-0.9373982808296126,140.94669919999433,False,cpu,0.6415729522705078
1000,1095,500000,500,0.494,0.494,2.2195894718170166,1.821416258811951,2.6274354457855225,0.8060191869735718,5000,0.0343434343434343,1.381449666442775,132.91728179999336,False,cpu,0.6413984298706055
1000,1096,500000,500,0.512,0.512,2.296201229095459,1.895794153213501,2.6778392791748047,0.7820451259613037,5000,0.0242424242424242,0.5556376432168363,135.72352460000548,False,cpu,0.6512880325317383
1000,1097,500000,500,0.506,0.506,2.264327049255371,1.8422271013259888,2.6764161586761475,0.8341890573501587,5000,0.0383838383838383,-0.3631178914419328,137.17004950001137,False,cpu,0.6458950042724609
1000,1098,500000,500,0.502,0.502,2.26273775100708,1.8734092712402344,2.6489648818969727,0.7755556106567383,5000,0.0323232323232323,2.479565515219804,140.69180040000356,False,cpu,0.6471548080444336
1000,1099,500000,500,0.49,0.49,2.2244458198547363,1.8264881372451784,2.638646364212036,0.8121582269668579,5000,0.0323232323232323,1.2324550806185213,150.8441174000036,False,cpu,0.6431074142456055
5000,1000,500000,100,0.45,0.45,2.23999571800232,1.6207870244979858,2.9968068599700928,1.376019835472107,5000,0.5252525252525253,0.66626164109597,143.37555430000066,True,cpu,0.6378936767578125
5000,1001,500000,100,0.55,0.55,2.366314649581909,1.6872174739837646,2.9219396114349365,1.234722137451172,5000,0.4747474747474747,2.345111460738772,135.19429810000292,False,cpu,0.6411466598510742
5000,1002,500000,100,0.48,0.48,2.269031286239624,1.6914957761764526,2.894694805145264,1.203199028968811,5000,0.4646464646464646,0.9224248673121436,107.83104530000128,True,cpu,0.6417560577392578
5000,1003,500000,100,0.44,0.44,2.234095573425293,1.6840919256210327,2.9340994358062744,1.2500075101852417,5000,0.4242424242424242,0.0583650087713743,102.55534550000448,False,cpu,0.6435508728027344
5000,1004,500000,100,0.54,0.54,2.4181809425354004,1.6950627565383911,3.0341696739196777,1.3391069173812866,5000,0.5656565656565656,2.4755743273757926,101.6722518000024,False,cpu,0.6481790542602539
5000,1005,500000,100,0.46,0.46,2.299851894378662,1.6984039545059204,3.00589919090271,1.3074952363967896,5000,0.4747474747474747,0.7255982863439454,104.31733350000286,False,cpu,0.6489887237548828
5000,1006,500000,100,0.56,0.56,2.40354323387146,1.7050327062606812,2.952373743057251,1.2473410367965698,5000,0.4646464646464646,2.3556872997325176,101.91964999999618,False,cpu,0.6464710235595703
5000,1007,500000,100,0.52,0.52,2.4109678268432617,1.670255184173584,3.094702959060669,1.424447774887085,5000,0.5353535353535354,2.004646418470566,101.81387790000008,False,cpu,0.6491413116455078
5000,1008,500000,100,0.51,0.51,2.315081834793091,1.682661533355713,2.922701597213745,1.2400400638580322,5000,0.5252525252525253,1.637597698965503,104.83725609999964,False,cpu,0.6402664184570312
5000,1009,500000,100,0.58,0.58,2.391633987426758,1.791128396987915,2.8264827728271484,1.0353543758392334,5000,0.5656565656565656,2.559484950561761,102.34152309999628,False,cpu,0.6426239013671875
5000,1010,500000,100,0.49,0.49,2.320087194442749,1.7571609020233154,2.905991554260254,1.1488306522369385,5000,0.4242424242424242,0.8167385668249293,102.84470590000274,False,cpu,0.6501579284667969
5000,1011,500000,100,0.5,0.5,2.375657081604004,1.6553221940994265,3.09599232673645,1.440670132637024,5000,0.5656565656565656,1.88642436122235,104.90256709999812,False,cpu,0.6473588943481445
5000,1012,500000,100,0.42,0.42,2.191849708557129,1.654542088508606,2.933846950531006,1.2793048620224,5000,0.4545454545454545,-0.2201630660647093,102.352684700003,False,cpu,0.6391849517822266
5000,1013,500000,100,0.46,0.46,2.240682601928711,1.6602907180786133,2.922011375427246,1.2617206573486328,5000,0.5050505050505051,0.6408460454072765,101.97074339998652,False,cpu,0.6380252838134766
5000,1014,500000,100,0.47,0.47,2.280436754226685,1.6620482206344604,2.977768659591675,1.3157204389572144,5000,0.4141414141414141,0.6259048744132122,104.83165110000118,False,cpu,0.6443023681640625
5000,1015,500000,100,0.56,0.56,2.432488441467285,1.7695313692092896,2.9533822536468506,1.183850884437561,5000,0.4646464646464646,2.350911865511341,102.0803489999962,False,cpu,0.6514177322387695
5000,1016,500000,100,0.53,0.53,2.3799490928649902,1.6958684921264648,2.9865875244140625,1.2907190322875977,5000,0.4646464646464646,1.878020886334476,102.02144209999824,False,cpu,0.6475429534912109
5000,1017,500000,100,0.49,0.49,2.329431295394897,1.7667160034179688,2.915113925933838,1.1483979225158691,5000,0.4848484848484848,0.9040398174387037,104.46347499999683,False,cpu,0.6514062881469727
5000,1018,500000,100,0.44,0.44,2.22428297996521,1.691385269165039,2.902515172958374,1.211129903793335,5000,0.5050505050505051,0.2189580559466523,103.35278210000251,False,cpu,0.6415472030639648
5000,1019,500000,100,0.53,0.53,2.40008544921875,1.6767572164535522,3.041527509689331,1.3647702932357788,5000,0.4747474747474747,2.0449530844439763,104.5010772000096,False,cpu,0.6474370956420898
5000,1020,500000,100,0.53,0.53,2.3254337310791016,1.7696237564086914,2.81832218170166,1.0486984252929688,5000,0.5050505050505051,1.6271497001256907,103.38146540000162,False,cpu,0.64404296875
5000,1021,500000,100,0.49,0.49,2.292145013809204,1.728200912475586,2.8791065216064453,1.1509056091308594,5000,0.5050505050505051,0.9693295122621638,101.75239409999632,False,cpu,0.6433706283569336
5000,1022,500000,100,0.47,0.47,2.3050549030303955,1.7314900159835815,2.9518401622772217,1.22035014629364,5000,0.4747474747474747,0.5970807132516094,103.52085459999216,False,cpu,0.6494522094726562
5000,1023,500000,100,0.44,0.44,2.247255802154541,1.679246425628662,2.970176696777344,1.2909302711486816,5000,0.494949494949495,0.3640990623201234,101.86359639999864,False,cpu,0.6447134017944336
5000,1024,500000,100,0.43,0.43,2.233573198318481,1.7451318502426147,2.8810410499572754,1.1359091997146606,5000,0.5353535353535354,0.0626556746613497,101.72789460000058,False,cpu,0.6461935043334961
5000,1025,500000,100,0.53,0.53,2.3577535152435303,1.7664875984191897,2.882084846496582,1.1155972480773926,5000,0.5151515151515151,1.876782178776207,104.68407689999732,False,cpu,0.6467504501342773
5000,1026,500000,100,0.51,0.51,2.353450298309326,1.6991907358169556,2.982051134109497,1.2828603982925415,5000,0.5050505050505051,1.6942873958865652,102.87478679999184,False,cpu,0.6461477279663086
5000,1027,500000,100,0.48,0.48,2.3035030364990234,1.7039626836776731,2.9530060291290283,1.249043345451355,5000,0.4242424242424242,0.7082664072587183,102.97262950000004,False,cpu,0.6470928192138672
5000,1028,500000,100,0.52,0.52,2.373749256134033,1.7282299995422363,2.969611883163452,1.2413818836212158,5000,0.3939393939393939,1.5206793994554817,105.29636310000204,False,cpu,0.6517763137817383
5000,1029,500000,100,0.6,0.6,2.446061611175537,1.695165753364563,2.9466590881347656,1.2514933347702026,5000,0.5050505050505051,3.274196772885804,101.88608890000614,False,cpu,0.6431512832641602
5000,1030,500000,100,0.57,0.57,2.4538493156433105,1.6434125900268557,3.065230369567871,1.4218177795410156,5000,0.5454545454545454,3.2010286127812484,163.23701709999295,True,cpu,0.6458816528320312
5000,1031,500000,100,0.53,0.53,2.3692309856414795,1.7029072046279907,2.9601218700408936,1.2572146654129028,5000,0.6060606060606061,2.1007124360805207,144.3400099999999,False,cpu,0.6450042724609375
5000,1032,500000,100,0.48,0.48,2.301917552947998,1.7373071908950806,2.9135777950286865,1.176270604133606,5000,0.4747474747474747,0.6481069748931912,154.81619749999663,False,cpu,0.6485633850097656
5000,1033,500000,100,0.51,0.51,2.3500142097473145,1.7013847827911377,2.9732069969177246,1.271822214126587,5000,0.5050505050505051,1.6169449326372358,142.84229820000473,False,cpu,0.646601676940918
5000,1034,500000,100,0.47,0.47,2.2610960006713867,1.712875247001648,2.879302501678467,1.1664272546768188,5000,0.5151515151515151,0.7348200227984425,161.22551380000368,False,cpu,0.6435756683349609
5000,1035,500000,100,0.52,0.52,2.350940227508545,1.6949410438537598,2.9564778804779053,1.2615368366241455,5000,0.494949494949495,1.6149695787611484,163.71787209999457,False,cpu,0.6441259384155273
5000,1036,500000,100,0.57,0.57,2.4067137241363525,1.7821555137634275,2.8778719902038574,1.0957164764404297,5000,0.5252525252525253,2.431047378206644,167.7266144000023,False,cpu,0.6459178924560547
5000,1037,500000,100,0.51,0.51,2.3133411407470703,1.706819772720337,2.896077871322632,1.189258098602295,5000,0.4545454545454545,1.2484269613043375,141.81281599999056,False,cpu,0.6430015563964844
5000,1038,500000,100,0.49,0.49,2.337111234664917,1.6455332040786743,3.0569169521331787,1.4113837480545044,5000,0.5252525252525253,1.5736724490294252,147.6030935000017,False,cpu,0.6435918807983398
5000,1039,500000,100,0.44,0.44,2.2543368339538574,1.6696343421936035,2.9985036849975586,1.328869342803955,5000,0.4848484848484848,0.3520380520244439,139.80647140000656,False,cpu,0.6442832946777344
5000,1040,500000,100,0.51,0.51,2.308176040649414,1.8034619092941284,2.793097734451294,0.9896358251571656,5000,0.5252525252525253,1.094642318531901,157.18118260000483,False,cpu,0.6459760665893555
5000,1041,500000,100,0.52,0.52,2.3588290214538574,1.6258509159088137,3.035423755645752,1.4095728397369385,5000,0.5151515151515151,2.014657246280996,144.79669020000438,False,cpu,0.6421127319335938
5000,1042,500000,100,0.54,0.54,2.364081382751465,1.6313583850860596,2.988253355026245,1.3568949699401855,5000,0.5454545454545454,2.5124881049050227,152.74621460000344,False,cpu,0.6394071578979492
5000,1043,500000,100,0.53,0.53,2.396066188812256,1.7242791652679443,2.9918015003204346,1.2675223350524902,5000,0.5454545454545454,2.1038671833567246,146.42426260000502,False,cpu,0.6493492126464844
5000,1044,500000,100,0.48,0.48,2.276297092437744,1.6700031757354736,2.933114528656006,1.2631113529205322,5000,0.5353535353535354,1.1703901139966015,149.72015269999974,False,cpu,0.6400356292724609
5000,1045,500000,100,0.5,0.5,2.3244400024414062,1.792547345161438,2.856332540512085,1.063785195350647,5000,0.494949494949495,0.9747548061620256,148.56048990000272,False,cpu,0.6505565643310547
5000,1046,500000,100,0.49,0.49,2.321721315383911,1.6098506450653076,3.062648057937622,1.4527974128723145,5000,0.5656565656565656,1.6615416987140974,131.45786780001072,False,cpu,0.6403541564941406
5000,1047,500000,100,0.55,0.55,2.39408016204834,1.6511317491531372,3.0019474029541016,1.3508156538009644,5000,0.5151515151515151,2.517805356667213,103.96322320000036,False,cpu,0.6439485549926758
5000,1048,500000,100,0.49,0.49,2.313365936279297,1.700847029685974,2.95088529586792,1.2500382661819458,5000,0.4343434343434343,1.112735570042889,108.1290772999928,False,cpu,0.6467819213867188
5000,1049,500000,100,0.52,0.52,2.3999440670013428,1.702397704124451,3.04383397102356,1.3414362668991089,5000,0.5151515151515151,1.8879782194428971,145.91487340000458,False,cpu,0.6508111953735352
5000,1050,500000,100,0.51,0.51,2.3680007457733154,1.6474778652191162,3.060267210006714,1.4127893447875977,5000,0.494949494949495,1.824710099423504,161.86956410000855,False,cpu,0.6461191177368164
5000,1051,500000,100,0.47,0.47,2.2467007637023926,1.712758183479309,2.848806381225586,1.1360481977462769,5000,0.4848484848484848,0.5888106528048563,131.93524180000531,False,cpu,0.6406364440917969
5000,1052,500000,100,0.43,0.43,2.2101941108703613,1.6550685167312622,2.946058988571167,1.2909904718399048,5000,0.5656565656565656,0.2426079132392852,163.54843190000977,False,cpu,0.6385717391967773
5000,1053,500000,100,0.54,0.54,2.3473668098449707,1.7356719970703125,2.868440628051758,1.132768630981445,5000,0.4646464646464646,1.8006490088854323,155.04517789999954,False,cpu,0.6438198089599609
5000,1054,500000,100,0.42,0.42,2.2146472930908203,1.7556512355804443,2.848498106002808,1.0928468704223633,5000,0.5151515151515151,-0.3720421727736038,162.65459890000056,False,cpu,0.6470479965209961
5000,1055,500000,100,0.52,0.52,2.3660292625427246,1.7034845352172852,2.977609157562256,1.2741246223449707,5000,0.5555555555555556,1.8005231911962682,154.6606354000105,False,cpu,0.6454553604125977
5000,1056,500000,100,0.47,0.47,2.284444093704224,1.6699275970458984,2.977410078048706,1.3074824810028076,5000,0.4444444444444444,0.8539826876437574,158.37582679999468,False,cpu,0.6438875198364258
5000,1057,500000,100,0.44,0.44,2.2165324687957764,1.663255214691162,2.920703411102295,1.2574481964111328,5000,0.3939393939393939,0.1352070276077347,161.90890590001072,False,cpu,0.6409978866577148
5000,1058,500000,100,0.47,0.47,2.273007392883301,1.6679035425186155,2.9553582668304443,1.2874547243118286,5000,0.4444444444444444,0.8062740018084344,170.630834399999,False,cpu,0.6432704925537109
5000,1059,500000,100,0.54,0.54,2.3745126724243164,1.7342777252197266,2.91989803314209,1.1856203079223633,5000,0.4545454545454545,1.957637611141831,160.86262369999895,False,cpu,0.6464328765869141
5000,1060,500000,100,0.53,0.53,2.3338489532470703,1.66304349899292,2.9287147521972656,1.2656712532043457,5000,0.5353535353535354,2.173300636333498,166.0108159000083,False,cpu,0.6383199691772461
5000,1061,500000,100,0.44,0.44,2.2739975452423096,1.7805376052856443,2.9020371437072754,1.1214995384216309,5000,0.3737373737373737,-0.3908829810095104,161.84584039999754,False,cpu,0.6537179946899414
5000,1062,500000,100,0.48,0.48,2.277968168258667,1.63785719871521,2.971420764923096,1.3335635662078855,5000,0.6060606060606061,1.3944957257342008,166.95864569999685,False,cpu,0.6376686096191406
5000,1063,500000,100,0.5,0.5,2.310076713562012,1.710561990737915,2.909592866897583,1.199030876159668,5000,0.5151515151515151,1.348992777199938,148.93161309999414,False,cpu,0.6444168090820312
5000,1064,500000,100,0.48,0.48,2.315110921859741,1.705868363380432,2.975125312805176,1.2692569494247437,5000,0.4141414141414141,0.6979789745359258,150.81997930000944,False,cpu,0.648472785949707
5000,1065,500000,100,0.55,0.55,2.362412452697754,1.7012782096862793,2.903340578079224,1.2020623683929443,5000,0.4848484848484848,2.167608111878808,148.22694459999911,False,cpu,0.6407499313354492
5000,1066,500000,100,0.44,0.44,2.251183271408081,1.7097828388214111,2.940238237380981,1.2304553985595703,5000,0.5252525252525253,0.2169304990500964,147.20731850000448,False,cpu,0.6460285186767578
5000,1067,500000,100,0.52,0.52,2.331784248352051,1.7208579778671265,2.895715951919556,1.1748579740524292,5000,0.5454545454545454,1.828349614656408,143.2354042000079,False,cpu,0.6423587799072266
5000,1068,500000,100,0.46,0.46,2.310710906982422,1.7102960348129272,3.015547037124634,1.3052510023117063,5000,0.4646464646464646,0.6503570760603806,150.5026058000076,False,cpu,0.6508274078369141
5000,1069,500000,100,0.4,0.4,2.1878156661987305,1.6325364112854004,3.0207343101501465,1.388197898864746,5000,0.4747474747474747,-0.2241337324720892,157.85091200000898,False,cpu,0.6399335861206055
5000,1070,500000,100,0.54,0.54,2.356907844543457,1.6738147735595703,2.9388015270233154,1.2649867534637451,5000,0.5656565656565656,2.1992004344176763,160.33393349999096,False,cpu,0.6390056610107422
5000,1071,500000,100,0.48,0.48,2.281502485275269,1.698746681213379,2.91282057762146,1.214073896408081,5000,0.4646464646464646,0.8847441411314438,157.8425767000008,False,cpu,0.6428384780883789
5000,1072,500000,100,0.45,0.45,2.2194409370422363,1.5896835327148438,2.989144802093506,1.399461269378662,5000,0.494949494949495,0.8126929914017669,153.44733769999584,False,cpu,0.6336469650268555
5000,1073,500000,100,0.53,0.53,2.371969223022461,1.7454434633255005,2.927567481994629,1.1821240186691284,5000,0.5252525252525253,1.880431956572379,159.47414299999946,False,cpu,0.6468658447265625
5000,1074,500000,100,0.54,0.54,2.4110052585601807,1.8268022537231443,2.908658742904663,1.0818564891815186,5000,0.4545454545454545,1.6226418212826053,152.70678760000737,False,cpu,0.6552963256835938
5000,1075,500000,100,0.5,0.5,2.329078197479248,1.57000470161438,3.088152408599853,1.5181477069854736,5000,0.5252525252525253,1.9011916327535652,161.86504089999653,False,cpu,0.6379661560058594
5000,1076,500000,100,0.53,0.53,2.3419013023376465,1.730994462966919,2.8836493492126465,1.1526548862457275,5000,0.5353535353535354,1.7606525649760558,155.11443459999282,False,cpu,0.6421527862548828
5000,1077,500000,100,0.57,0.57,2.436840295791626,1.7325325012207031,2.968160629272461,1.2356281280517578,5000,0.5151515151515151,2.6776944836778624,159.81427119999717,False,cpu,0.6480112075805664
5000,1078,500000,100,0.46,0.46,2.255207061767578,1.658258080482483,2.9559733867645264,1.2977153062820437,5000,0.4242424242424242,0.5476868561085276,153.54720910001197,False,cpu,0.6419448852539062
5000,1079,500000,100,0.48,0.48,2.2856404781341557,1.7415310144424438,2.875093936920166,1.1335629224777222,5000,0.5555555555555556,0.8145896373134821,159.36198489999515,False,cpu,0.6431713104248047
5000,1080,500000,100,0.45,0.45,2.2658207416534424,1.736878752708435,2.912306070327759,1.1754273176193235,5000,0.5252525252525253,0.359943021738469,153.8624248999986,False,cpu,0.6474180221557617
5000,1081,500000,100,0.52,0.52,2.362024545669556,1.695253849029541,2.9775032997131348,1.2822494506835938,5000,0.5858585858585859,1.9733145404140608,164.27909939999518,False,cpu,0.6448469161987305
5000,1082,500000,100,0.41,0.41,2.202095031738281,1.6871827840805054,2.943065881729126,1.2558830976486206,5000,0.4646464646464646,-0.3599424563434991,153.27331070000946,False,cpu,0.6439676284790039
5000,1083,500000,100,0.55,0.55,2.401102066040039,1.7507234811782837,2.933230400085449,1.1825069189071655,5000,0.4343434343434343,1.996557206436465,159.63873539998897,False,cpu,0.6493587493896484
5000,1084,500000,100,0.47,0.47,2.291766405105591,1.653240442276001,3.011806964874268,1.3585665225982666,5000,0.5757575757575758,1.138742437747121,154.854662800004,False,cpu,0.6410112380981445
5000,1085,500000,100,0.55,0.55,2.405722618103028,1.6869652271270752,2.99379563331604,1.3068304061889648,5000,0.4545454545454545,2.229307989065725,160.3931975000014,False,cpu,0.6476869583129883
5000,1086,500000,100,0.49,0.49,2.3081634044647217,1.7114989757537842,2.9291832447052,1.217684268951416,5000,0.4545454545454545,0.9003236960796094,155.81628329999512,False,cpu,0.6462039947509766
5000,1087,500000,100,0.54,0.54,2.396056890487671,1.7514740228652954,2.9451446533203125,1.193670630455017,5000,0.4444444444444444,1.87677797708695,159.98328570000012,False,cpu,0.6506967544555664
5000,1088,500000,100,0.4,0.4,2.1938159465789795,1.7374567985534668,2.878355026245117,1.1408982276916504,5000,0.5656565656565656,-0.5228624536246362,161.7653328000015,False,cpu,0.6464815139770508
5000,1089,500000,100,0.58,0.58,2.455894947052002,1.7961982488632202,2.933605670928955,1.1374074220657349,5000,0.5050505050505051,2.655356302239061,153.53471390000777,False,cpu,0.6518974304199219
5000,1090,500000,100,0.52,0.52,2.3361432552337646,1.690892457962036,2.931760311126709,1.2408678531646729,5000,0.4545454545454545,1.740046990421896,163.07617090000713,False,cpu,0.6432409286499023
5000,1091,500000,100,0.44,0.44,2.2379398345947266,1.7573866844177246,2.849553346633911,1.0921666622161863,5000,0.5656565656565656,0.1517973293145046,163.74203259999922,False,cpu,0.6454830169677734
5000,1092,500000,100,0.49,0.49,2.291276693344116,1.7153137922286987,2.8907477855682373,1.1754339933395386,5000,0.4646464646464646,0.9917725023313904,168.13064929998654,False,cpu,0.6433334350585938
5000,1093,500000,100,0.56,0.56,2.3435375690460205,1.6848139762878418,2.8611059188842773,1.1762919425964355,5000,0.4848484848484848,2.281632351477986,154.57812120000017,False,cpu,0.6374940872192383
5000,1094,500000,100,0.54,0.54,2.363921642303467,1.6848591566085815,2.942382335662842,1.2575231790542605,5000,0.5353535353535354,2.230928352754736,165.50227549999545,False,cpu,0.641444206237793
5000,1095,500000,100,0.53,0.53,2.3770346641540527,1.644771933555603,3.026400566101074,1.3816286325454712,5000,0.4747474747474747,2.029903953282505,152.7428113999922,False,cpu,0.6434307098388672
5000,1096,500000,100,0.45,0.45,2.238269567489624,1.7479923963546753,2.8374969959259038,1.089504599571228,5000,0.5050505050505051,0.2078460562171809,160.5749982999987,False,cpu,0.6445703506469727
5000,1097,500000,100,0.59,0.59,2.4712066650390625,1.6701120138168335,3.0278995037078857,1.3577874898910522,5000,0.6161616161616161,3.333226832128414,155.32265950000146,False,cpu,0.6448583602905273
5000,1098,500000,100,0.56,0.56,2.3957266807556152,1.6320693492889404,2.9957423210144043,1.363672971725464,5000,0.5959595959595959,3.0048257094110955,164.3705936000042,False,cpu,0.638218879699707
5000,1099,500000,100,0.5,0.5,2.3197832107543945,1.6801971197128296,2.959369421005249,1.2791723012924194,5000,0.4747474747474747,1.316957626180411,154.92807080000057,False,cpu,0.6442375183105469
10000,1000,500000,50,0.44,0.44,2.2715296745300293,1.657456874847412,3.0530765056610107,1.3956196308135986,5000,0.7171717171717171,0.6553137224710575,146.7059631000011,True,cpu,0.641718864440918
10000,1001,500000,50,0.58,0.58,2.3378820419311523,1.64801025390625,2.8374440670013428,1.1894338130950928,5000,0.7575757575757576,2.398938691893197,132.5210259000014,False,cpu,0.6256723403930664
10000,1002,500000,50,0.44,0.44,2.2413580417633057,1.68511962890625,2.9492971897125244,1.2641775608062744,5000,0.7373737373737373,0.4910393822255083,105.88270660000852,True,cpu,0.6389923095703125
10000,1003,500000,50,0.44,0.44,2.268439531326294,1.6615546941757202,3.040838718414306,1.3792840242385864,5000,0.7070707070707071,0.4402506960694913,105.72983390001173,False,cpu,0.6426420211791992
10000,1004,500000,50,0.56,0.56,2.429556131362915,1.689546823501587,3.010992288589477,1.3214454650878906,5000,0.797979797979798,2.4222962672497736,103.7108065999928,False,cpu,0.6400852203369141
10000,1005,500000,50,0.38,0.38,2.177968978881836,1.6913843154907229,2.971870422363281,1.2804861068725586,5000,0.7272727272727273,-0.4343831822157659,103.3794651999924,False,cpu,0.6426315307617188
10000,1006,500000,50,0.58,0.58,2.425832509994507,1.745749592781067,2.918306350708008,1.172556757926941,5000,0.7171717171717171,2.091613123795819,106.52784349999274,False,cpu,0.642582893371582
10000,1007,500000,50,0.56,0.56,2.404210567474365,1.727878212928772,2.935615062713623,1.207736849784851,5000,0.7575757575757576,2.029571549252955,104.12099900000612,False,cpu,0.6410856246948242
10000,1008,500000,50,0.54,0.54,2.389268636703491,1.731421709060669,2.949657678604126,1.218235969543457,5000,0.7474747474747475,1.8804693710606808,103.99586910000652,False,cpu,0.6425313949584961
10000,1009,500000,50,0.5,0.5,2.3008415699005127,1.7071021795272827,2.894581317901612,1.1874791383743286,5000,0.7676767676767676,1.211818961916277,105.12087510000856,False,cpu,0.6370725631713867
10000,1010,500000,50,0.44,0.44,2.2521231174468994,1.775303602218628,2.8589835166931152,1.0836799144744873,5000,0.7373737373737373,0.2803451650081409,103.3787125999952,False,cpu,0.6455488204956055
10000,1011,500000,50,0.5,0.5,2.292471408843994,1.7007070779800415,2.884237051010132,1.1835299730300903,5000,0.7676767676767676,1.2835834046041876,104.36255789999268,False,cpu,0.6354446411132812
10000,1012,500000,50,0.44,0.44,2.268136501312256,1.664717674255371,3.036123514175415,1.371405839920044,5000,0.7272727272727273,0.4569058073156034,104.03434830000332,False,cpu,0.6422567367553711
10000,1013,500000,50,0.5,0.5,2.3340508937835693,1.659636378288269,3.008465528488159,1.34882915019989,5000,0.7575757575757576,1.439845501883298,102.30043669999576,False,cpu,0.6393699645996094
10000,1014,500000,50,0.48,0.48,2.3194568157196045,1.6433675289154053,3.0518877506256104,1.408520221710205,5000,0.6666666666666666,1.1032536311259022,105.15159270000004,False,cpu,0.6424922943115234
10000,1015,500000,50,0.58,0.58,2.480704069137573,1.6120686531066897,3.109716892242432,1.4976482391357422,5000,0.7373737373737373,2.7303353718442147,102.68476119999832,False,cpu,0.6427812576293945
10000,1016,500000,50,0.54,0.54,2.379948139190674,1.6442357301712036,3.006666660308838,1.3624309301376345,5000,0.7171717171717171,1.765193333284,103.53764039999804,False,cpu,0.6387271881103516
10000,1017,500000,50,0.46,0.46,2.302121162414551,1.6893272399902344,3.021488904953003,1.3321616649627686,5000,0.7474747474747475,0.7627343256596815,105.39691239999956,False,cpu,0.6429948806762695
10000,1018,500000,50,0.38,0.38,2.145982265472412,1.6579734086990356,2.942207336425781,1.2842339277267456,5000,0.7272727272727273,-0.4446833835727714,102.95377639999788,False,cpu,0.6360330581665039
10000,1019,500000,50,0.58,0.58,2.427052021026612,1.6245495080947876,3.0081748962402344,1.3836253881454468,5000,0.7171717171717171,2.4518190141531253,102.65440240000316,False,cpu,0.6384239196777344
10000,1020,500000,50,0.44,0.44,2.266195058822632,1.6201419830322266,3.0884439945220947,1.4683020114898682,5000,0.7171717171717171,0.7507841038925027,105.12450000000536,False,cpu,0.639801025390625
10000,1021,500000,50,0.46,0.46,2.267053604125977,1.7384425401687622,2.887593984603882,1.1491514444351196,5000,0.7272727272727273,0.547054209549123,102.79906970000592,False,cpu,0.6433000564575195
10000,1022,500000,50,0.46,0.46,2.296183586120605,1.744562029838562,2.9437386989593506,1.1991766691207886,5000,0.7373737373737373,0.5837747343937781,104.68118400000094,False,cpu,0.6462087631225586
10000,1023,500000,50,0.4,0.4,2.2281339168548584,1.714714288711548,2.9982621669769287,1.2835478782653809,5000,0.7575757575757576,0.0616003215425393,106.83191959999384,False,cpu,0.6451501846313477
10000,1024,500000,50,0.42,0.42,2.2115349769592285,1.6346646547317505,3.008165121078491,1.3735004663467407,5000,0.7575757575757576,0.4655188167210555,102.47958980000112,False,cpu,0.6357126235961914
10000,1025,500000,50,0.44,0.44,2.2294490337371826,1.6393431425094604,2.9804935455322266,1.341150403022766,5000,0.7575757575757576,0.599343016026884,103.59709310000471,False,cpu,0.6347818374633789
10000,1026,500000,50,0.5,0.5,2.34143590927124,1.695655345916748,2.987215757369995,1.291560411453247,5000,0.7777777777777778,1.3395759685270638,105.40828210000473,False,cpu,0.6414909362792969
10000,1027,500000,50,0.5,0.5,2.356717586517334,1.763758659362793,2.949676275253296,1.185917615890503,5000,0.6767676767676768,0.986299775576727,102.58802029999788,False,cpu,0.6502962112426758
10000,1028,500000,50,0.5,0.5,2.3371565341949463,1.68982195854187,2.9844915866851807,1.2946696281433103,5000,0.7272727272727273,1.3428496658778326,102.41152650000004,False,cpu,0.6416950225830078
10000,1029,500000,50,0.62,0.62,2.490072250366211,1.6269437074661257,3.019086599349976,1.39214289188385,5000,0.7676767676767676,3.175341219541152,105.49773229999118,False,cpu,0.6369228363037109
10000,1030,500000,50,0.66,0.66,2.535892963409424,1.599220633506775,3.018421173095703,1.4192005395889282,5000,0.7777777777777778,3.787226418232647,158.99059190000116,True,cpu,0.6348400115966797
10000,1031,500000,50,0.5,0.5,2.304206132888794,1.707512617111206,2.9009010791778564,1.1933884620666504,5000,0.797979797979798,1.2495613448146392,158.44667389999086,False,cpu,0.6352157592773438
10000,1032,500000,50,0.42,0.42,2.2004594802856445,1.7193182706832886,2.8648922443389893,1.145573973655701,5000,0.7373737373737373,-0.0662851702923199,152.19046550001076,False,cpu,0.6401271820068359
10000,1033,500000,50,0.54,0.54,2.4294064044952397,1.6628355979919434,3.082411289215088,1.4195756912231443,5000,0.7272727272727273,2.0058877924559995,167.826945599998,False,cpu,0.6447343826293945
10000,1034,500000,50,0.42,0.42,2.236392021179199,1.6018346548080444,3.1126863956451416,1.5108517408370972,5000,0.8181818181818182,0.7842812747589191,153.3430886999995,False,cpu,0.6331024169921875
10000,1035,500000,50,0.52,0.52,2.342457056045532,1.656635046005249,2.9755234718322754,1.3188884258270264,5000,0.7171717171717171,1.4808604507967302,159.4153488999873,False,cpu,0.6376876831054688
10000,1036,500000,50,0.54,0.54,2.3882877826690674,1.7429776191711426,2.937996864318848,1.195019245147705,5000,0.7575757575757576,1.762778666364537,152.79423800000222,False,cpu,0.6425075531005859
10000,1037,500000,50,0.44,0.44,2.241017341613769,1.681701898574829,2.952873468399048,1.2711715698242188,5000,0.7676767676767676,0.5259428565398987,156.98897690000013,False,cpu,0.6379261016845703
10000,1038,500000,50,0.5,0.5,2.2969915866851807,1.6809498071670532,2.913032293319702,1.232082486152649,5000,0.7575757575757576,1.200526235331768,153.26091579999775,False,cpu,0.635594367980957
10000,1039,500000,50,0.52,0.52,2.369828462600708,1.7228394746780396,2.967049598693848,1.244210124015808,5000,0.7373737373737373,1.517943479995151,162.4132163000031,False,cpu,0.6447916030883789
10000,1040,500000,50,0.44,0.44,2.1968507766723637,1.6812918186187744,2.8530149459838867,1.1717231273651123,5000,0.7878787878787878,0.4419373229953225,155.2273342999979,False,cpu,0.6322240829467773
10000,1041,500000,50,0.62,0.62,2.483487606048584,1.7035634517669678,2.961505174636841,1.257941722869873,5000,0.7878787878787878,3.092610150726817,161.53657999999996,False,cpu,0.6386966705322266
10000,1042,500000,50,0.58,0.58,2.457376718521118,1.724366545677185,2.988176822662353,1.2638102769851685,5000,0.8080808080808081,2.594333920411856,152.40571839999757,False,cpu,0.6413373947143555
10000,1043,500000,50,0.5,0.5,2.3419337272644043,1.6977438926696775,2.9861245155334477,1.2883806228637695,5000,0.7575757575757576,1.456182996170599,159.91564839999774,False,cpu,0.6414079666137695
10000,1044,500000,50,0.54,0.54,2.3539602756500244,1.6564055681228638,2.9481735229492188,1.291767954826355,5000,0.7474747474747475,1.7898494130341092,156.07652869999583,False,cpu,0.6356887817382812
10000,1045,500000,50,0.38,0.38,2.205431699752808,1.69300377368927,3.041496992111206,1.348493218421936,5000,0.7878787878787878,-0.1669033906802836,158.51956339999742,False,cpu,0.6434621810913086
10000,1046,500000,50,0.64,0.64,2.5114266872406006,1.6155484914779663,3.015358686447144,1.3998101949691772,5000,0.7676767676767676,3.5196737366892847,158.91560459999891,False,cpu,0.6362361907958984
10000,1047,500000,50,0.58,0.58,2.466184139251709,1.65113365650177,3.056393384933472,1.4052597284317017,5000,0.7474747474747475,2.6428090697861606,151.5951184000005,False,cpu,0.6422653198242188
10000,1048,500000,50,0.54,0.54,2.3864245414733887,1.608683943748474,3.0489442348480225,1.4402602910995483,5000,0.7272727272727273,2.0112284787365207,159.4954093999986,False,cpu,0.6379795074462891
10000,1049,500000,50,0.48,0.48,2.320842981338501,1.6697181463241575,3.0262269973754883,1.3565088510513306,5000,0.7878787878787878,1.2286014257412745,152.1408645999909,False,cpu,0.6404457092285156
10000,1050,500000,50,0.54,0.54,2.3804678916931152,1.604442119598389,3.041527509689331,1.4370853900909424,5000,0.7777777777777778,2.063580801090328,161.52054879999196,False,cpu,0.6342382431030273
10000,1051,500000,50,0.46,0.46,2.2536821365356445,1.7211599349975586,2.878817558288574,1.1576576232910156,5000,0.7474747474747475,0.5756668553231115,154.16765789999045,False,cpu,0.6400480270385742
10000,1052,500000,50,0.46,0.46,2.2952444553375244,1.6231999397277832,3.0841665267944336,1.4609665870666504,5000,0.7878787878787878,1.0581004600435495,159.8253938000125,False,cpu,0.6377649307250977
10000,1053,500000,50,0.48,0.48,2.304713249206543,1.6974525451660156,2.9625792503356934,1.2651267051696775,5000,0.7171717171717171,0.901258201173437,151.8483350000024,False,cpu,0.6421222686767578
10000,1054,500000,50,0.34,0.34,2.100951671600342,1.7083624601364136,2.863037347793579,1.1546748876571655,5000,0.7575757575757576,-1.0501325417898069,174.5222647000046,False,cpu,0.6393766403198242
10000,1055,500000,50,0.5,0.5,2.342927932739258,1.6891478300094604,2.996708393096924,1.3075605630874634,5000,0.7878787878787878,1.4935320468010325,152.66330119999475,False,cpu,0.6397867202758789
10000,1056,500000,50,0.5,0.5,2.3173136711120605,1.720755696296692,2.91387152671814,1.1931158304214478,5000,0.696969696969697,0.9381048271917783,162.41799109999556,False,cpu,0.6426992416381836
10000,1057,500000,50,0.42,0.42,2.2494659423828125,1.6758229732513428,3.041640520095825,1.3658175468444824,5000,0.7171717171717171,0.2158198336319189,152.80090180000116,False,cpu,0.6436357498168945
10000,1058,500000,50,0.48,0.48,2.31879997253418,1.6808180809020996,3.009946584701538,1.3291285037994385,5000,0.7272727272727273,1.044937309465226,159.29829429999518,False,cpu,0.6423120498657227
10000,1059,500000,50,0.52,0.52,2.3740530014038086,1.6788177490234375,3.0158088207244877,1.3369910717010498,5000,0.7373737373737373,1.6925624662086745,151.7680631999974,False,cpu,0.6422815322875977
10000,1060,500000,50,0.64,0.64,2.471300840377808,1.6505143642425537,2.9329922199249268,1.282477855682373,5000,0.7777777777777778,3.3826793968308904,158.01462850000826,False,cpu,0.6312723159790039
10000,1061,500000,50,0.44,0.44,2.259049892425537,1.749565362930298,2.9074854850769043,1.1579201221466064,5000,0.696969696969697,0.0705432712164942,157.50035919999937,False,cpu,0.6472253799438477
10000,1062,500000,50,0.54,0.54,2.38051438331604,1.720878005027771,2.94242787361145,1.2215498685836792,5000,0.8181818181818182,2.087485446903343,161.68517009999778,False,cpu,0.6390752792358398
10000,1063,500000,50,0.5,0.5,2.3018479347229004,1.6441162824630735,2.959579944610596,1.315463662147522,5000,0.7373737373737373,1.4452798853458555,159.59471889999986,False,cpu,0.6346321105957031
10000,1064,500000,50,0.5,0.5,2.30596923828125,1.7630635499954224,2.84887433052063,1.0858107805252075,5000,0.7171717171717171,0.8421721420827538,154.9770254000032,False,cpu,0.6428804397583008
10000,1065,500000,50,0.48,0.48,2.302301406860352,1.6748614311218262,2.982027769088745,1.307166337966919,5000,0.6868686868686869,1.012655330131316,159.62886049998633,False,cpu,0.6423158645629883
10000,1066,500000,50,0.42,0.42,2.2008676528930664,1.6635278463363647,2.94290828704834,1.279380440711975,5000,0.7878787878787878,0.226791146116365,154.04382199999236,False,cpu,0.6352567672729492
10000,1067,500000,50,0.48,0.48,2.326447010040283,1.6934374570846558,3.012207508087158,1.3187700510025024,5000,0.8181818181818182,1.2226670830552475,167.27263739999034,False,cpu,0.6401510238647461
10000,1068,500000,50,0.44,0.44,2.2883071899414062,1.6224504709243774,3.135761260986328,1.513310790061951,5000,0.6767676767676768,0.7081528320068287,154.23240319998877,False,cpu,0.6436853408813477
10000,1069,500000,50,0.38,0.38,2.1763198375701904,1.5957422256469729,3.1235783100128174,1.5278360843658447,5000,0.7575757575757576,0.0692145030820309,157.8499496999866,False,cpu,0.6349849700927734
10000,1070,500000,50,0.6,0.6,2.45185923576355,1.6900392770767212,2.9597384929656982,1.269699215888977,5000,0.797979797979798,2.754196461927432,151.84154999999737,False,cpu,0.6364212036132812
10000,1071,500000,50,0.42,0.42,2.204997301101685,1.7145442962646484,2.882288932800293,1.1677446365356443,5000,0.7575757575757576,0.0489540594625804,157.72411239999929,False,cpu,0.6388368606567383
10000,1072,500000,50,0.52,0.52,2.3110005855560303,1.616538166999817,2.952042579650879,1.335504412651062,5000,0.7171717171717171,1.6525330525247588,152.66038409998873,False,cpu,0.6322002410888672
10000,1073,500000,50,0.48,0.48,2.3255343437194824,1.582099437713623,3.130920886993408,1.5488214492797852,5000,0.7777777777777778,1.6130522052414564,165.48893160000443,False,cpu,0.6364030838012695
10000,1074,500000,50,0.44,0.44,2.273499011993408,1.7162413597106934,2.982734441757202,1.2664930820465088,5000,0.7272727272727273,0.3441450018418482,155.02786279999418,False,cpu,0.6460714340209961
10000,1075,500000,50,0.56,0.56,2.3986077308654785,1.665627360343933,2.974520683288574,1.3088933229446411,5000,0.7575757575757576,2.3458159053796392,159.20489399999497,False,cpu,0.6368284225463867
10000,1076,500000,50,0.48,0.48,2.3483104705810547,1.5873233079910278,3.1727123260498047,1.5853890180587769,5000,0.7676767676767676,1.4859576227808766,152.40123000000312,False,cpu,0.6391944885253906
10000,1077,500000,50,0.64,0.64,2.5745646953582764,1.668688416481018,3.084120273590088,1.4154318571090698,5000,0.7777777777777778,3.602223230711709,160.05259110000043,False,cpu,0.6440944671630859
10000,1078,500000,50,0.44,0.44,2.2400786876678467,1.7219334840774536,2.899536371231079,1.1776028871536257,5000,0.7070707070707071,0.307401608725893,154.5453559999878,False,cpu,0.6419620513916016
10000,1079,500000,50,0.46,0.46,2.287416219711304,1.6454617977142334,3.0410144329071045,1.395552635192871,5000,0.7575757575757576,0.8841215959203288,159.55856989999302,False,cpu,0.6386651992797852
10000,1080,500000,50,0.42,0.42,2.256139039993286,1.7301461696624756,2.982510805130005,1.2523646354675293,5000,0.8080808080808081,0.2805227404141742,155.58776709999074,False,cpu,0.6445131301879883
10000,1081,500000,50,0.56,0.56,2.3926455974578857,1.6984480619430542,2.93808650970459,1.2396384477615356,5000,0.8383838383838383,2.225756675498767,157.17774470000586,False,cpu,0.6356382369995117
10000,1082,500000,50,0.44,0.44,2.245662212371826,1.736441135406494,2.893760681152344,1.1573195457458496,5000,0.7171717171717171,0.2367891255648148,157.76425209999434,False,cpu,0.6428909301757812
10000,1083,500000,50,0.52,0.52,2.366004943847656,1.7551515102386477,2.9298694133758545,1.174717903137207,5000,0.7575757575757576,1.4613505117489385,154.0645353,False,cpu,0.645146369934082
10000,1084,500000,50,0.46,0.46,2.2613840103149414,1.7020723819732666,2.9179673194885254,1.2158949375152588,5000,0.7676767676767676,0.6618362672652259,159.81775319999724,False,cpu,0.6387529373168945
10000,1085,500000,50,0.56,0.56,2.47015380859375,1.7257661819458008,3.055030107498169,1.3292639255523682,5000,0.7474747474747475,2.340423501490072,155.07435670000268,False,cpu,0.6486597061157227
10000,1086,500000,50,0.5,0.5,2.355085849761963,1.6153854131698608,3.094785690307617,1.4794002771377563,5000,0.7171717171717171,1.362814877352171,162.6181183000008,False,cpu,0.6416406631469727
10000,1087,500000,50,0.5,0.5,2.3371365070343018,1.6565749645233154,3.017698049545288,1.3611230850219729,5000,0.7373737373737373,1.5194519649423583,153.1801928000059,False,cpu,0.6396493911743164
10000,1088,500000,50,0.34,0.34,2.1205544471740723,1.6863712072372437,2.9633798599243164,1.2770086526870728,5000,0.8383838383838383,-0.6142609556884402,159.48313989999588,False,cpu,0.6378860473632812
10000,1089,500000,50,0.48,0.48,2.325439453125,1.6607794761657717,3.0454890727996826,1.3847095966339111,5000,0.7373737373737373,1.1832071244522402,153.11955459999444,False,cpu,0.6431379318237305
10000,1090,500000,50,0.54,0.54,2.4135522842407227,1.63477885723114,3.076951503753662,1.442172646522522,5000,0.7272727272727273,1.99488294368092,159.62885079999978,False,cpu,0.6432065963745117
10000,1091,500000,50,0.5,0.5,2.3612661361694336,1.6977667808532717,3.024765968322754,1.3269991874694824,5000,0.8080808080808081,1.4613942291335174,152.40805530000944,False,cpu,0.6424503326416016
10000,1092,500000,50,0.5,0.5,2.337733507156372,1.7067458629608154,2.9687209129333496,1.2619750499725342,5000,0.6868686868686869,1.1522258313628837,156.96369250000862,False,cpu,0.6438894271850586
10000,1093,500000,50,0.58,0.58,2.442266702651977,1.7238837480545044,2.962475061416626,1.2385913133621216,5000,0.7171717171717171,2.258694048751529,151.66289400000824,False,cpu,0.6445255279541016
10000,1094,500000,50,0.58,0.58,2.4359724521636963,1.7176393270492554,2.956146001815796,1.2385066747665403,5000,0.7676767676767676,2.452456144813719,157.70795359999465,False,cpu,0.6397562026977539
10000,1095,500000,50,0.58,0.58,2.4768033027648926,1.5577051639556885,3.1423563957214355,1.584651231765747,5000,0.7878787878787878,3.013325021408612,152.50386330000765,False,cpu,0.6369094848632812
10000,1096,500000,50,0.38,0.38,2.1902222633361816,1.6883573532104492,3.009054183959961,1.3206968307495115,5000,0.7676767676767676,-0.1806039962332131,160.60457139999198,False,cpu,0.6429481506347656
10000,1097,500000,50,0.58,0.58,2.4215683937072754,1.6720420122146606,2.9643287658691406,1.29228675365448,5000,0.8181818181818182,2.5482390533724817,152.31892019999214,False,cpu,0.6349849700927734
10000,1098,500000,50,0.58,0.58,2.4708235263824463,1.6600202322006226,3.057957410812378,1.3979371786117554,5000,0.7878787878787878,2.7307545232204777,164.09773599999608,False,cpu,0.6415367126464844
10000,1099,500000,50,0.48,0.48,2.2592601776123047,1.732495665550232,2.8299224376678467,1.0974267721176147,5000,0.7676767676767676,0.8833757375214136,153.29177339999296,False,cpu,0.6376571655273438
